Date,Mean Temp (°C)
2024-01-01,0
2024-01-02,-2.1
2024-01-03,-6.2
2024-01-04,-2
2024-01-05,0.1
2024-01-06,-5
2024-01-07,-13.5
2024-01-08,-10.8
2024-01-09,-7.7
2024-01-10,-19.9
2024-01-11,-28.3
2024-01-12,-33
2024-01-13,-30.8
2024-01-14,-31.7
2024-01-15,-19.5
2024-01-16,-10.8
2024-01-17,-16.6
2024-01-18,-19.1
2024-01-19,-20.1
2024-01-20,-11.4
2024-01-21,-12.3
2024-01-22,-13.3
2024-01-23,-2.2
2024-01-24,-1.3
2024-01-25,3.9
2024-01-26,2.6
2024-01-27,3.1
2024-01-28,6.3
2024-01-29,4.7
2024-01-30,8
2024-01-31,2.9
2024-02-01,6.2
2024-02-02,5.3
2024-02-03,1.2
2024-02-04,-5
2024-02-05,-7.5
2024-02-06,-7.4
2024-02-07,-7.6
2024-02-08,-6.2
2024-02-09,-8.1
2024-02-10,-5.1
2024-02-11,-0.4
2024-02-12,-2.4
2024-02-13,-8.9
2024-02-14,
2024-02-15,-12.7
2024-02-16,-7.5
2024-02-17,-3.5
2024-02-18,-3.2
2024-02-19,-3.7
2024-02-20,-0.1
2024-02-21,0.2
2024-02-22,3.3
2024-02-23,7.6
2024-02-24,0.2
2024-02-25,-1.4
2024-02-26,-12.5
2024-02-27,-19.8
2024-02-28,-8.3
2024-02-29,-0.4
2024-03-01,-11.4
2024-03-02,-16.7
2024-03-03,-20.5
2024-03-04,-19.6
2024-03-05,-18.2
2024-03-06,-12.5
2024-03-07,-8.1
2024-03-08,-1.1
2024-03-09,4.3
2024-03-10,2.7
2024-03-11,2.2
2024-03-12,4.6
2024-03-13,1.5
2024-03-14,3.2
2024-03-15,6.9
2024-03-16,6.5
2024-03-17,6.6
2024-03-18,10.3
2024-03-19,1.4
2024-03-20,-6.1
2024-03-21,-7.2
2024-03-22,-8.1
2024-03-23,-8.7
2024-03-24,-7.7
2024-03-25,-10.2
2024-03-26,-5.4
2024-03-27,0.2
2024-03-28,-2
2024-03-29,-7.5
2024-03-30,-7.2
2024-03-31,-0.9
2024-04-01,4.3
2024-04-02,8.9
2024-04-03,6.1
2024-04-04,0.4
2024-04-05,-0.2
2024-04-06,1.8
2024-04-07,6.1
2024-04-08,5.8
2024-04-09,7
2024-04-10,3.4
2024-04-11,6.9
2024-04-12,8.5
2024-04-13,8.3
2024-04-14,7.5
2024-04-15,8.8
2024-04-16,-0.1
2024-04-17,-0.3
2024-04-18,-0.4
2024-04-19,-0.9
2024-04-20,2.6
2024-04-21,6.3
2024-04-22,8.9
2024-04-23,7.9
2024-04-24,
2024-04-25,8.5
2024-04-26,4.5
2024-04-27,9.1
2024-04-28,10.2
2024-04-29,5.8
2024-04-30,2.6
2024-05-01,1.5
2024-05-02,3.4
2024-05-03,5.4
2024-05-04,6.1
2024-05-05,8.2
2024-05-06,9.7
2024-05-07,5.5
2024-05-08,8.6
2024-05-09,11.8
2024-05-10,15.8
2024-05-11,15.3
2024-05-12,16.1
2024-05-13,12.5
2024-05-14,12.5
2024-05-15,12.8
2024-05-16,11.3
2024-05-17,6.5
2024-05-18,7.9
2024-05-19,7.2
2024-05-20,6.4
2024-05-21,9.4
2024-05-22,8.3
2024-05-23,8.5
2024-05-24,8.1
2024-05-25,9.2
2024-05-26,11
2024-05-27,12.2
2024-05-28,16.5
2024-05-29,11.5
2024-05-30,9.4
2024-05-31,10.2
2024-06-01,10.7
2024-06-02,13
2024-06-03,14.7
2024-06-04,12.2
2024-06-05,13.1
2024-06-06,12.1
2024-06-07,13.6
2024-06-08,9.9
2024-06-09,11.9
2024-06-10,17
2024-06-11,17.6
2024-06-12,13.5
2024-06-13,13.8
2024-06-14,18.6
2024-06-15,10.9
2024-06-16,9.9
2024-06-17,8.2
2024-06-18,7.8
2024-06-19,9
2024-06-20,12.8
2024-06-21,14.3
2024-06-22,16.6
2024-06-23,19.6
2024-06-24,16.1
2024-06-25,15.5
2024-06-26,16.8
2024-06-27,12.6
2024-06-28,13.8
2024-06-29,15.2
2024-06-30,15.9
2024-07-01,17
2024-07-02,15.4
2024-07-03,13.8
2024-07-04,15.8
2024-07-05,16.6
2024-07-06,18.5
2024-07-07,19.3
2024-07-08,21.9
2024-07-09,22.4
2024-07-10,25.5
2024-07-11,
2024-07-12,19.7
2024-07-13,19.8
2024-07-14,18.1
2024-07-15,20.7
2024-07-16,22.9
2024-07-17,24
2024-07-18,24.1
2024-07-19,24.3
2024-07-20,23.8
2024-07-21,24.2
2024-07-22,25.3
2024-07-23,25.4
2024-07-24,25.9
2024-07-25,17.6
2024-07-26,18.1
2024-07-27,15.7
2024-07-28,19.2
2024-07-29,19
2024-07-30,20.1
2024-07-31,
2024-08-01,22.5
2024-08-02,21.4
2024-08-03,21
2024-08-04,18.8
2024-08-05,18.2
2024-08-06,14.6
2024-08-07,15
2024-08-08,14.3
2024-08-09,16.8
2024-08-10,17.5
2024-08-11,17.7
2024-08-12,18.4
2024-08-13,18.1
2024-08-14,18.3
2024-08-15,18.1
2024-08-16,16.8
2024-08-17,18
2024-08-18,18.7
2024-08-19,21.8
2024-08-20,
2024-08-21,15
2024-08-22,16.6
2024-08-23,17.5
2024-08-24,16.2
2024-08-25,15.9
2024-08-26,16.6
2024-08-27,16.8
2024-08-28,9.8
2024-08-29,14.6
2024-08-30,17.1
2024-08-31,16.7
2024-09-01,19.9
2024-09-02,21.8
2024-09-03,20.3
2024-09-04,14.8
2024-09-05,17.8
2024-09-06,20.3
2024-09-07,20.6
2024-09-08,20.3
2024-09-09,20.3
2024-09-10,12.7
2024-09-11,11.1
2024-09-12,10.1
2024-09-13,14.9
2024-09-14,11.3
2024-09-15,11
2024-09-16,12.9
2024-09-17,13.2
2024-09-18,13.5
2024-09-19,12.7
2024-09-20,8.5
2024-09-21,8.4
2024-09-22,13.8
2024-09-23,14.7
2024-09-24,20.1
2024-09-25,
2024-09-26,12.8
2024-09-27,13
2024-09-28,
2024-09-29,8.9
2024-09-30,8.1
2024-10-01,12.2
2024-10-02,6.6
2024-10-03,6.8
2024-10-04,10.9
2024-10-05,8.6
2024-10-06,12.5
2024-10-07,13.8
2024-10-08,13.8
2024-10-09,7.1
2024-10-10,7.4
2024-10-11,5.8
2024-10-12,4.6
2024-10-13,9.9
2024-10-14,14.7
2024-10-15,11.5
2024-10-16,11.2
2024-10-17,4.3
2024-10-18,3.3
2024-10-19,12.5
2024-10-20,10.5
2024-10-21,1.5
2024-10-22,1.1
2024-10-23,5.8
2024-10-24,3.4
2024-10-25,1.7
2024-10-26,9.6
2024-10-27,11.5
2024-10-28,3.8
2024-10-29,1.6
